disease,feature,coefficient,abs_coefficient
arthritis,numeric__age,1.0517223066307817,1.0517223066307817
arthritis,categorical__employment_8.0,0.925413101308601,0.925413101308601
arthritis,categorical__education_1.0,-0.508286468633055,0.508286468633055
arthritis,categorical__employment_6.0,-0.43279285306419174,0.43279285306419174
arthritis,categorical__smoking_status_4.0,-0.4184732426608846,0.4184732426608846
arthritis,categorical__sex_1.0,-0.3376411243868207,0.3376411243868207
arthritis,categorical__education_2.0,-0.33745300132114736,0.33745300132114736
arthritis,categorical__employment_2.0,-0.28556224323878127,0.28556224323878127
arthritis,categorical__education_5.0,0.2740883401839771,0.2740883401839771
arthritis,numeric__bmi,0.2668935958297058,0.2668935958297058
arthritis,categorical__employment_1.0,-0.23406700024254126,0.23406700024254126
arthritis,categorical__employment_5.0,-0.19883974185086936,0.19883974185086936
arthritis,categorical__exercise_1.0,-0.18283174339930985,0.18283174339930985
arthritis,categorical__drank_alcohol_2.0,-0.13730004973689655,0.13730004973689655
arthritis,categorical__education_4.0,0.1326219382685749,0.1326219382685749
arthritis,categorical__drank_alcohol_1.0,-0.12385816600189585,0.12385816600189585
arthritis,categorical__income_11.0,-0.10932157922361926,0.10932157922361926
arthritis,categorical__smoking_status_1.0,0.09933682306620169,0.09933682306620169
arthritis,categorical__education_3.0,0.09821125226114662,0.09821125226114662
arthritis,categorical__education_6.0,0.07965972350167624,0.07965972350167624
arthritis,categorical__exercise_2.0,-0.07832647233949766,0.07832647233949766
arthritis,categorical__sex_2.0,0.07648290864802439,0.07648290864802439
arthritis,categorical__smoking_status_2.0,0.06865847849121452,0.06865847849121452
arthritis,categorical__employment_4.0,-0.06175320042173064,0.06175320042173064
arthritis,categorical__income_4.0,-0.0608280075594307,0.0608280075594307
arthritis,categorical__income_7.0,-0.05917926898147653,0.05917926898147653
arthritis,categorical__income_5.0,-0.04540850430138957,0.04540850430138957
arthritis,categorical__income_2.0,0.04536267409635858,0.04536267409635858
arthritis,categorical__employment_3.0,0.03927865956207026,0.03927865956207026
arthritis,categorical__income_1.0,-0.03923201705415131,0.03923201705415131
arthritis,categorical__income_3.0,0.03477921077509097,0.03477921077509097
arthritis,categorical__income_6.0,-0.021523475271101895,0.021523475271101895
arthritis,categorical__employment_7.0,-0.01283493779135722,0.01283493779135722
arthritis,categorical__income_8.0,-0.012480306991001439,0.012480306991001439
arthritis,categorical__smoking_status_3.0,-0.010680274635321192,0.010680274635321192
arthritis,categorical__income_9.0,0.009814787286516202,0.009814787286516202
arthritis,numeric__missingindicator_bmi,-0.0038469154021253567,0.0038469154021253567
arthritis,categorical__income_10.0,-0.0031417285146186267,0.0031417285146186267
copd,categorical__smoking_status_4.0,-1.1935944081924093,1.1935944081924093
copd,categorical__employment_8.0,0.747643364327256,0.747643364327256
copd,numeric__age,0.6105083253657027,0.6105083253657027
copd,categorical__smoking_status_1.0,0.5582489627274094,0.5582489627274094
copd,categorical__income_10.0,-0.5429808653152138,0.5429808653152138
copd,categorical__exercise_1.0,-0.540014808088136,0.540014808088136
copd,categorical__sex_1.0,-0.4741030587918412,0.4741030587918412
copd,categorical__income_11.0,-0.45723015647420556,0.45723015647420556
copd,categorical__employment_2.0,-0.442078788288156,0.442078788288156
copd,categorical__drank_alcohol_1.0,-0.390003843270512,0.390003843270512
copd,categorical__education_2.0,-0.3663046473746685,0.3663046473746685
copd,categorical__employment_1.0,-0.35145549291908046,0.35145549291908046
copd,categorical__education_6.0,-0.32607093513826274,0.32607093513826274
copd,categorical__income_8.0,-0.3230593496911576,0.3230593496911576
copd,categorical__drank_alcohol_2.0,-0.31831354310605525,0.31831354310605525
copd,categorical__employment_6.0,-0.31602968871275444,0.31602968871275444
copd,categorical__income_4.0,0.310132009951765,0.310132009951765
copd,categorical__income_2.0,0.27890025391892614,0.27890025391892614
copd,categorical__smoking_status_3.0,-0.2519203386387024,0.2519203386387024
copd,categorical__income_9.0,-0.24577695130439467,0.24577695130439467
copd,categorical__sex_2.0,-0.23421432758473207,0.23421432758473207
copd,categorical__employment_5.0,-0.2117818060397888,0.2117818060397888
copd,categorical__employment_4.0,-0.19243735758583483,0.19243735758583483
copd,categorical__smoking_status_2.0,0.17894839772713614,0.17894839772713614
copd,categorical__exercise_2.0,-0.16830257828843173,0.16830257828843173
copd,categorical__education_1.0,-0.15026018194592547,0.15026018194592547
copd,categorical__income_1.0,0.13946982900782084,0.13946982900782084
copd,categorical__income_3.0,0.1327464443072985,0.1327464443072985
copd,categorical__education_3.0,0.12669245844387553,0.12669245844387553
copd,numeric__bmi,0.11917278850328028,0.11917278850328028
copd,categorical__employment_3.0,0.06651502033259644,0.06651502033259644
copd,categorical__income_5.0,0.05006843753733637,0.05006843753733637
copd,categorical__income_7.0,-0.03073360496480452,0.03073360496480452
copd,categorical__education_5.0,0.029932736143308405,0.029932736143308405
copd,numeric__missingindicator_bmi,0.025764541666043687,0.025764541666043687
copd,categorical__education_4.0,-0.022306816504887233,0.022306816504887233
copd,categorical__income_6.0,-0.01985343334993868,0.01985343334993868
copd,categorical__employment_7.0,-0.008692637490814803,0.008692637490814803
coronary_heart_disease,numeric__age,1.1492090897435734,1.1492090897435734
coronary_heart_disease,categorical__sex_2.0,-0.7956006993916785,0.7956006993916785
coronary_heart_disease,categorical__employment_8.0,0.6459829556225579,0.6459829556225579
coronary_heart_disease,categorical__smoking_status_4.0,-0.6164754894259331,0.6164754894259331
coronary_heart_disease,categorical__exercise_1.0,-0.6049745205310334,0.6049745205310334
coronary_heart_disease,categorical__education_1.0,-0.5823281768225885,0.5823281768225885
coronary_heart_disease,categorical__drank_alcohol_1.0,-0.5597131908377425,0.5597131908377425
coronary_heart_disease,categorical__employment_1.0,-0.5515068601164244,0.5515068601164244
coronary_heart_disease,categorical__employment_5.0,-0.46689934615552897,0.46689934615552897
coronary_heart_disease,categorical__drank_alcohol_2.0,-0.4210715730772908,0.4210715730772908
coronary_heart_disease,categorical__education_2.0,-0.395436949054662,0.395436949054662
coronary_heart_disease,categorical__employment_2.0,-0.3925590013912026,0.3925590013912026
coronary_heart_disease,categorical__exercise_2.0,-0.37581024338398394,0.37581024338398394
coronary_heart_disease,categorical__income_9.0,-0.2712175446294001,0.2712175446294001
coronary_heart_disease,categorical__income_10.0,-0.2311581113425153,0.2311581113425153
coronary_heart_disease,categorical__income_7.0,-0.2172477346342366,0.2172477346342366
coronary_heart_disease,categorical__income_11.0,-0.209262817347761,0.209262817347761
coronary_heart_disease,categorical__sex_1.0,-0.18518406452334188,0.18518406452334188
coronary_heart_disease,categorical__smoking_status_1.0,-0.17076205599659983,0.17076205599659983
coronary_heart_disease,categorical__income_6.0,-0.16830522182555033,0.16830522182555033
coronary_heart_disease,categorical__income_8.0,-0.15312870060074438,0.15312870060074438
coronary_heart_disease,categorical__employment_7.0,-0.15006408970489346,0.15006408970489346
coronary_heart_disease,numeric__bmi,0.14227269130148149,0.14227269130148149
coronary_heart_disease,categorical__smoking_status_3.0,-0.12748193279037293,0.12748193279037293
coronary_heart_disease,categorical__income_2.0,0.1059096726251586,0.1059096726251586
coronary_heart_disease,categorical__employment_4.0,0.10535312594697717,0.10535312594697717
coronary_heart_disease,categorical__employment_6.0,-0.09898362077327208,0.09898362077327208
coronary_heart_disease,categorical__income_1.0,0.09795125685259827,0.09795125685259827
coronary_heart_disease,categorical__income_3.0,0.07741017124087922,0.07741017124087922
coronary_heart_disease,categorical__employment_3.0,-0.07210792734323317,0.07210792734323317
coronary_heart_disease,categorical__smoking_status_2.0,-0.06606528570210204,0.06606528570210204
coronary_heart_disease,categorical__income_5.0,-0.06286609312084093,0.06286609312084093
coronary_heart_disease,categorical__education_5.0,0.05685625327256474,0.05685625327256474
coronary_heart_disease,categorical__income_4.0,0.051130358867379946,0.051130358867379946
coronary_heart_disease,categorical__education_3.0,-0.050209810949868164,0.050209810949868164
coronary_heart_disease,categorical__education_4.0,-0.04736876192156142,0.04736876192156142
coronary_heart_disease,categorical__education_6.0,0.037702681561088774,0.037702681561088774
coronary_heart_disease,numeric__missingindicator_bmi,-0.014167900382160157,0.014167900382160157
current_asthma,categorical__sex_1.0,-0.6781177205649819,0.6781177205649819
current_asthma,categorical__employment_8.0,0.6501598344875745,0.6501598344875745
current_asthma,categorical__education_1.0,-0.61815975247991,0.61815975247991
current_asthma,categorical__education_2.0,-0.4909457799581758,0.4909457799581758
current_asthma,categorical__exercise_1.0,-0.4339357490286607,0.4339357490286607
current_asthma,categorical__employment_5.0,-0.42510095334105474,0.42510095334105474
current_asthma,categorical__smoking_status_4.0,-0.38663191647489775,0.38663191647489775
current_asthma,categorical__drank_alcohol_1.0,-0.3816369696770298,0.3816369696770298
current_asthma,categorical__employment_2.0,-0.3547096637905517,0.3547096637905517
current_asthma,categorical__drank_alcohol_2.0,-0.32490287266080214,0.32490287266080214
current_asthma,categorical__exercise_2.0,-0.27260409330921515,0.27260409330921515
current_asthma,categorical__employment_1.0,-0.25148816381479316,0.25148816381479316
current_asthma,numeric__bmi,0.23378778986662255,0.23378778986662255
current_asthma,categorical__smoking_status_3.0,-0.2299492136611271,0.2299492136611271
current_asthma,categorical__income_11.0,-0.20296783624346532,0.20296783624346532
current_asthma,categorical__employment_6.0,-0.18559596004489978,0.18559596004489978
current_asthma,categorical__education_6.0,0.18132352636061866,0.18132352636061866
current_asthma,categorical__income_8.0,-0.17424215593526607,0.17424215593526607
current_asthma,categorical__education_5.0,0.16247260736612304,0.16247260736612304
current_asthma,categorical__income_2.0,0.15412631317910194,0.15412631317910194
current_asthma,categorical__income_7.0,-0.14363246187765052,0.14363246187765052
current_asthma,numeric__age,-0.1151834911962209,0.1151834911962209
current_asthma,categorical__income_5.0,-0.11292818171541512,0.11292818171541512
current_asthma,categorical__income_10.0,-0.09970907872404522,0.09970907872404522
current_asthma,categorical__employment_4.0,-0.09672143688999066,0.09672143688999066
current_asthma,categorical__income_9.0,-0.07842409593275489,0.07842409593275489
current_asthma,categorical__employment_7.0,-0.07836376189829451,0.07836376189829451
current_asthma,categorical__smoking_status_2.0,-0.07724017566375578,0.07724017566375578
current_asthma,categorical__income_6.0,-0.0685854188479466,0.0685854188479466
current_asthma,categorical__education_3.0,0.04408513391820066,0.04408513391820066
current_asthma,numeric__missingindicator_bmi,-0.03723215111576702,0.03723215111576702
current_asthma,categorical__employment_3.0,0.0352802629541578,0.0352802629541578
current_asthma,categorical__sex_2.0,-0.028422121772810404,0.028422121772810404
current_asthma,categorical__income_1.0,-0.025677914447676017,0.025677914447676017
current_asthma,categorical__income_3.0,0.02440112831950992,0.02440112831950992
current_asthma,categorical__income_4.0,0.021099859887785517,0.021099859887785517
current_asthma,categorical__education_4.0,0.01468442245528868,0.01468442245528868
current_asthma,categorical__smoking_status_1.0,-0.012718536538068712,0.012718536538068712
depression,categorical__employment_8.0,0.9731470605836405,0.9731470605836405
depression,categorical__smoking_status_4.0,-0.6627374729567491,0.6627374729567491
depression,categorical__sex_1.0,-0.6017419445871054,0.6017419445871054
depression,categorical__education_1.0,-0.573062154391789,0.573062154391789
depression,categorical__employment_2.0,-0.5370302304083469,0.5370302304083469
depression,numeric__age,-0.45977090358009065,0.45977090358009065
depression,categorical__education_2.0,-0.415070752005405,0.415070752005405
depression,categorical__employment_1.0,-0.3807082653955866,0.3807082653955866
depression,categorical__employment_5.0,-0.3677289277433153,0.3677289277433153
depression,categorical__employment_6.0,-0.32764990106467246,0.32764990106467246
depression,categorical__exercise_1.0,-0.29823457020242283,0.29823457020242283
depression,categorical__education_5.0,0.29369345518951256,0.29369345518951256
depression,categorical__education_6.0,0.2677507753073829,0.2677507753073829
depression,categorical__income_2.0,0.26375392328705854,0.26375392328705854
depression,categorical__income_11.0,-0.2637105824334289,0.2637105824334289
depression,categorical__employment_3.0,0.258870935930298,0.258870935930298
depression,categorical__drank_alcohol_2.0,-0.24166536017904275,0.24166536017904275
depression,categorical__smoking_status_1.0,0.22206021082807365,0.22206021082807365
depression,categorical__sex_2.0,0.20422702426732314,0.20422702426732314
depression,categorical__drank_alcohol_1.0,-0.15584956014076123,0.15584956014076123
depression,categorical__income_10.0,-0.1519824169715966,0.1519824169715966
depression,numeric__bmi,0.14502391087530905,0.14502391087530905
depression,categorical__income_7.0,-0.13416975017343374,0.13416975017343374
depression,numeric__missingindicator_bmi,-0.12456280959703446,0.12456280959703446
depression,categorical__income_8.0,-0.12232026971634415,0.12232026971634415
depression,categorical__income_9.0,-0.107697494506941,0.107697494506941
depression,categorical__exercise_2.0,-0.09928035011729787,0.09928035011729787
depression,categorical__income_1.0,-0.08958765218962347,0.08958765218962347
depression,categorical__income_4.0,0.07289995265849716,0.07289995265849716
depression,categorical__income_5.0,0.06814798942940893,0.06814798942940893
depression,categorical__employment_7.0,-0.06409683058206117,0.06409683058206117
depression,categorical__income_3.0,0.06389963204203326,0.06389963204203326
depression,categorical__smoking_status_2.0,0.053389878707572815,0.053389878707572815
depression,categorical__employment_4.0,0.04768123836033572,0.04768123836033572
depression,categorical__education_4.0,0.03001046045109671,0.03001046045109671
depression,categorical__smoking_status_3.0,-0.010227536898586303,0.010227536898586303
depression,categorical__income_6.0,0.00325174825455957,0.00325174825455957
depression,categorical__education_3.0,-0.0008367048705237882,0.0008367048705237882
diabetes,numeric__age,0.8944531909859746,0.8944531909859746
diabetes,categorical__employment_8.0,0.5794178255650088,0.5794178255650088
diabetes,categorical__employment_6.0,-0.5622615319007358,0.5622615319007358
diabetes,categorical__drank_alcohol_1.0,-0.5066516697581995,0.5066516697581995
diabetes,categorical__sex_2.0,-0.4448138661047717,0.4448138661047717
diabetes,numeric__bmi,0.4303837059939753,0.4303837059939753
diabetes,categorical__exercise_1.0,-0.4270742241423321,0.4270742241423321
diabetes,categorical__employment_2.0,-0.36071125693514766,0.36071125693514766
diabetes,categorical__income_10.0,-0.33875023832978773,0.33875023832978773
diabetes,categorical__education_6.0,-0.32784067959227436,0.32784067959227436
diabetes,categorical__income_11.0,-0.29607719416696754,0.29607719416696754
diabetes,categorical__income_3.0,0.24700283342197607,0.24700283342197607
diabetes,categorical__smoking_status_1.0,-0.19240945874161353,0.19240945874161353
diabetes,categorical__education_4.0,-0.18888718888513845,0.18888718888513845
diabetes,categorical__income_8.0,-0.18115269513550153,0.18115269513550153
diabetes,categorical__employment_7.0,-0.1787989154842302,0.1787989154842302
diabetes,categorical__education_2.0,0.1737733479113859,0.1737733479113859
diabetes,categorical__smoking_status_2.0,-0.1611289797066069,0.1611289797066069
diabetes,categorical__employment_3.0,0.15227451824839672,0.15227451824839672
diabetes,categorical__income_4.0,0.1506062082486112,0.1506062082486112
diabetes,categorical__exercise_2.0,-0.13954496328350452,0.13954496328350452
diabetes,categorical__income_7.0,-0.1345715251979962,0.1345715251979962
diabetes,categorical__education_5.0,-0.13350000019035335,0.13350000019035335
diabetes,categorical__income_9.0,-0.12456416188722322,0.12456416188722322
diabetes,categorical__smoking_status_4.0,-0.12212308810415119,0.12212308810415119
diabetes,categorical__sex_1.0,-0.12180532132108737,0.12180532132108737
diabetes,categorical__income_5.0,0.11414825354916372,0.11414825354916372
diabetes,categorical__employment_1.0,-0.10403341109954199,0.10403341109954199
diabetes,categorical__employment_5.0,-0.10290618399230723,0.10290618399230723
diabetes,categorical__education_1.0,-0.10111450481113088,0.10111450481113088
diabetes,categorical__smoking_status_3.0,-0.09095766087347662,0.09095766087347662
diabetes,numeric__missingindicator_bmi,0.06003318491629529,0.06003318491629529
diabetes,categorical__drank_alcohol_2.0,-0.05996751766765977,0.05996751766765977
diabetes,categorical__income_1.0,-0.05200467952172307,0.05200467952172307
diabetes,categorical__income_2.0,0.04778161022066927,0.04778161022066927
diabetes,categorical__education_3.0,0.01094983814169026,0.01094983814169026
diabetes,categorical__employment_4.0,0.010399768172715432,0.010399768172715432
diabetes,categorical__income_6.0,0.0009624013729504247,0.0009624013729504247
heart_attack,numeric__age,0.950493364435515,0.950493364435515
heart_attack,categorical__sex_2.0,-0.8099875174042681,0.8099875174042681
heart_attack,categorical__exercise_1.0,-0.6102913424538663,0.6102913424538663
heart_attack,categorical__smoking_status_4.0,-0.610034902835793,0.610034902835793
heart_attack,categorical__employment_8.0,0.6059298074630906,0.6059298074630906
heart_attack,categorical__drank_alcohol_1.0,-0.5514939653238833,0.5514939653238833
heart_attack,categorical__income_11.0,-0.49598151895145076,0.49598151895145076
heart_attack,categorical__employment_1.0,-0.46052443376305213,0.46052443376305213
heart_attack,categorical__employment_2.0,-0.42603341701726605,0.42603341701726605
heart_attack,categorical__income_10.0,-0.41672545708977493,0.41672545708977493
heart_attack,categorical__drank_alcohol_2.0,-0.3604696662821916,0.3604696662821916
heart_attack,categorical__income_9.0,-0.33418965237702203,0.33418965237702203
heart_attack,categorical__employment_6.0,-0.3254081076308567,0.3254081076308567
heart_attack,categorical__education_6.0,-0.31669690173118886,0.31669690173118886
heart_attack,categorical__exercise_2.0,-0.30167228915220695,0.30167228915220695
heart_attack,categorical__income_3.0,0.29435737078954255,0.29435737078954255
heart_attack,categorical__income_8.0,-0.2431315867856798,0.2431315867856798
heart_attack,categorical__education_1.0,-0.24306974897058609,0.24306974897058609
heart_attack,categorical__education_2.0,-0.24102018920343898,0.24102018920343898
heart_attack,categorical__income_4.0,0.2132227624783315,0.2132227624783315
heart_attack,categorical__employment_5.0,-0.19429026285625742,0.19429026285625742
heart_attack,categorical__smoking_status_3.0,-0.19167028417129314,0.19167028417129314
heart_attack,categorical__income_7.0,-0.15161763591521338,0.15161763591521338
heart_attack,categorical__smoking_status_2.0,-0.1315993685944736,0.1315993685944736
heart_attack,categorical__employment_7.0,-0.1212655235250415,0.1212655235250415
heart_attack,categorical__income_2.0,0.11919996758092817,0.11919996758092817
heart_attack,categorical__income_1.0,0.11627112287278091,0.11627112287278091
heart_attack,categorical__employment_3.0,0.11100125102053318,0.11100125102053318
heart_attack,categorical__education_4.0,-0.11029521826472265,0.11029521826472265
heart_attack,numeric__bmi,0.1060628639172763,0.1060628639172763
heart_attack,categorical__education_5.0,-0.10429151458197089,0.10429151458197089
heart_attack,categorical__education_3.0,0.10340994114582037,0.10340994114582037
heart_attack,categorical__sex_1.0,-0.10197611420181217,0.10197611420181217
heart_attack,categorical__employment_4.0,-0.10137294529723086,0.10137294529723086
heart_attack,categorical__income_6.0,-0.08096968624698166,0.08096968624698166
heart_attack,categorical__income_5.0,0.0676006820384603,0.0676006820384603
heart_attack,numeric__missingindicator_bmi,0.03431959810207433,0.03431959810207433
heart_attack,categorical__smoking_status_1.0,0.021340923995487943,0.021340923995487943
kidney_disease,categorical__employment_8.0,0.7932033024663139,0.7932033024663139
kidney_disease,categorical__drank_alcohol_1.0,-0.7010677495995581,0.7010677495995581
kidney_disease,numeric__age,0.6931797536970901,0.6931797536970901
kidney_disease,categorical__exercise_1.0,-0.6259139738242626,0.6259139738242626
kidney_disease,categorical__sex_2.0,-0.5029404936929227,0.5029404936929227
kidney_disease,categorical__employment_1.0,-0.5016641841074715,0.5016641841074715
kidney_disease,categorical__sex_1.0,-0.4823856775712406,0.4823856775712406
kidney_disease,categorical__employment_2.0,-0.44425648756921227,0.44425648756921227
kidney_disease,categorical__income_10.0,-0.43494238440891553,0.43494238440891553
kidney_disease,categorical__exercise_2.0,-0.359412197439912,0.359412197439912
kidney_disease,categorical__smoking_status_1.0,-0.35245020346717215,0.35245020346717215
kidney_disease,categorical__smoking_status_2.0,-0.339515083683255,0.339515083683255
kidney_disease,categorical__employment_6.0,-0.33838897827022285,0.33838897827022285
kidney_disease,categorical__education_4.0,-0.3304921956365323,0.3304921956365323
kidney_disease,categorical__employment_5.0,-0.29021276015373704,0.29021276015373704
kidney_disease,categorical__drank_alcohol_2.0,-0.28425842166460186,0.28425842166460186
kidney_disease,categorical__income_11.0,-0.2829412675580061,0.2829412675580061
kidney_disease,categorical__smoking_status_4.0,-0.22304404566276656,0.22304404566276656
kidney_disease,categorical__income_2.0,-0.19402072363442777,0.19402072363442777
kidney_disease,categorical__employment_4.0,-0.19304171342299814,0.19304171342299814
kidney_disease,categorical__income_3.0,0.16040586292376857,0.16040586292376857
kidney_disease,categorical__education_1.0,-0.15344399357069616,0.15344399357069616
kidney_disease,categorical__education_6.0,-0.1459374792852189,0.1459374792852189
kidney_disease,categorical__income_8.0,-0.14399851572302347,0.14399851572302347
kidney_disease,numeric__bmi,0.14140560206582922,0.14140560206582922
kidney_disease,categorical__income_5.0,0.1371877736895283,0.1371877736895283
kidney_disease,categorical__education_2.0,-0.13527393939717464,0.13527393939717464
kidney_disease,categorical__income_9.0,-0.13353001773999723,0.13353001773999723
kidney_disease,categorical__education_5.0,-0.13206034054910792,0.13206034054910792
kidney_disease,categorical__income_7.0,-0.11965448082364294,0.11965448082364294
kidney_disease,categorical__income_4.0,0.09344752203879758,0.09344752203879758
kidney_disease,categorical__education_3.0,-0.0881182228254245,0.0881182228254245
kidney_disease,categorical__employment_7.0,-0.0751140005718758,0.0751140005718758
kidney_disease,categorical__smoking_status_3.0,-0.07031683845097814,0.07031683845097814
kidney_disease,categorical__employment_3.0,0.06414865036504419,0.06414865036504419
kidney_disease,categorical__income_1.0,-0.05312025369953723,0.05312025369953723
kidney_disease,numeric__missingindicator_bmi,0.0510632487033434,0.0510632487033434
kidney_disease,categorical__income_6.0,-0.0141596863287035,0.0141596863287035
other_cancer,numeric__age,1.068937094102378,1.068937094102378
other_cancer,categorical__education_2.0,-0.7370107865103578,0.7370107865103578
other_cancer,categorical__employment_8.0,0.5181789311089808,0.5181789311089808
other_cancer,categorical__sex_1.0,-0.468308424649731,0.468308424649731
other_cancer,categorical__exercise_1.0,-0.45648213538017346,0.45648213538017346
other_cancer,categorical__drank_alcohol_1.0,-0.41274048917705325,0.41274048917705325
other_cancer,categorical__drank_alcohol_2.0,-0.38565855996199405,0.38565855996199405
other_cancer,categorical__smoking_status_4.0,-0.3837722626888194,0.3837722626888194
other_cancer,categorical__exercise_2.0,-0.3419169137588905,0.3419169137588905
other_cancer,categorical__sex_2.0,-0.33009062448932897,0.33009062448932897
other_cancer,categorical__employment_1.0,-0.3205135453479387,0.3205135453479387
other_cancer,categorical__employment_2.0,-0.29965509934235385,0.29965509934235385
other_cancer,categorical__employment_5.0,-0.2788828912949577,0.2788828912949577
other_cancer,categorical__income_1.0,-0.27885539969108153,0.27885539969108153
other_cancer,categorical__income_3.0,-0.24916747456521554,0.24916747456521554
other_cancer,categorical__education_3.0,-0.23228227976713256,0.23228227976713256
other_cancer,categorical__income_4.0,-0.19042229091376395,0.19042229091376395
other_cancer,categorical__education_6.0,0.18189764171514314,0.18189764171514314
other_cancer,categorical__employment_6.0,-0.18047340235763723,0.18047340235763723
other_cancer,categorical__smoking_status_1.0,-0.16970219628411923,0.16970219628411923
other_cancer,categorical__smoking_status_3.0,-0.144846107537496,0.144846107537496
other_cancer,categorical__employment_3.0,-0.1418522892708571,0.1418522892708571
other_cancer,categorical__education_5.0,0.12576272723131243,0.12576272723131243
other_cancer,categorical__income_2.0,-0.1236177259020534,0.1236177259020534
other_cancer,categorical__income_7.0,-0.11366782182830497,0.11366782182830497
other_cancer,categorical__income_9.0,0.10346427721742166,0.10346427721742166
other_cancer,categorical__smoking_status_2.0,-0.10007848262862284,0.10007848262862284
other_cancer,categorical__income_8.0,0.09617688230532129,0.09617688230532129
other_cancer,categorical__education_4.0,-0.09399830192072102,0.09399830192072102
other_cancer,categorical__income_6.0,-0.06436606531815611,0.06436606531815611
other_cancer,categorical__income_5.0,-0.058729125732377235,0.058729125732377235
other_cancer,categorical__employment_7.0,-0.05255181592025412,0.05255181592025412
other_cancer,categorical__income_11.0,0.04603634974888514,0.04603634974888514
other_cancer,categorical__education_1.0,-0.04276804988729931,0.04276804988729931
other_cancer,categorical__employment_4.0,-0.0426489367140359,0.0426489367140359
other_cancer,categorical__income_10.0,0.034749345540265264,0.034749345540265264
other_cancer,numeric__missingindicator_bmi,-0.020988248070560458,0.020988248070560458
other_cancer,numeric__bmi,0.014433771950112863,0.014433771950112863
skin_cancer,numeric__age,1.3044242040085892,1.3044242040085892
skin_cancer,categorical__education_2.0,-1.1231890256323749,1.1231890256323749
skin_cancer,categorical__drank_alcohol_2.0,-0.6884437876376929,0.6884437876376929
skin_cancer,categorical__exercise_2.0,-0.6506946530026725,0.6506946530026725
skin_cancer,categorical__sex_2.0,-0.5666537028248266,0.5666537028248266
skin_cancer,categorical__sex_1.0,-0.545453998759119,0.545453998759119
skin_cancer,categorical__income_1.0,-0.5436322793323385,0.5436322793323385
skin_cancer,categorical__education_3.0,-0.5196436190171985,0.5196436190171985
skin_cancer,categorical__exercise_1.0,-0.4614130485812841,0.4614130485812841
skin_cancer,categorical__drank_alcohol_1.0,-0.4236639139462503,0.4236639139462503
skin_cancer,categorical__income_4.0,-0.4067075966011553,0.4067075966011553
skin_cancer,categorical__smoking_status_4.0,-0.3940944037725945,0.3940944037725945
skin_cancer,categorical__employment_4.0,-0.3800067768804759,0.3800067768804759
skin_cancer,categorical__income_3.0,-0.3648556495427886,0.3648556495427886
skin_cancer,categorical__income_11.0,0.3444903210786797,0.3444903210786797
skin_cancer,categorical__income_2.0,-0.32879162367127546,0.32879162367127546
skin_cancer,categorical__employment_6.0,-0.30938519639294315,0.30938519639294315
skin_cancer,categorical__employment_1.0,-0.3014463286850343,0.3014463286850343
skin_cancer,categorical__education_6.0,0.2872677947548246,0.2872677947548246
skin_cancer,categorical__smoking_status_2.0,-0.2708701635532022,0.2708701635532022
skin_cancer,categorical__income_10.0,0.27008040263322813,0.27008040263322813
skin_cancer,categorical__smoking_status_3.0,-0.2495528460211833,0.2495528460211833
skin_cancer,categorical__employment_3.0,-0.21319836959922742,0.21319836959922742
skin_cancer,categorical__income_5.0,-0.21001548558382982,0.21001548558382982
skin_cancer,categorical__income_9.0,0.19836457247970785,0.19836457247970785
skin_cancer,categorical__smoking_status_1.0,-0.19759028823698851,0.19759028823698851
skin_cancer,categorical__education_1.0,0.18047255391474834,0.18047255391474834
skin_cancer,categorical__employment_8.0,0.1674410240438659,0.1674410240438659
skin_cancer,categorical__education_5.0,0.14511279678654948,0.14511279678654948
skin_cancer,categorical__employment_2.0,-0.09398728340123466,0.09398728340123466
skin_cancer,categorical__income_6.0,-0.09078459622864107,0.09078459622864107
skin_cancer,categorical__education_4.0,-0.08212820239047879,0.08212820239047879
skin_cancer,categorical__income_8.0,0.07441450966436212,0.07441450966436212
skin_cancer,numeric__missingindicator_bmi,-0.05709886120325612,0.05709886120325612
skin_cancer,categorical__income_7.0,-0.054670276479892595,0.054670276479892595
skin_cancer,categorical__employment_7.0,0.022020038158709315,0.022020038158709315
skin_cancer,numeric__bmi,-0.020464558825199708,0.020464558825199708
skin_cancer,categorical__employment_5.0,-0.00354480882761022,0.00354480882761022
stroke,categorical__employment_8.0,0.8258114629852986,0.8258114629852986
stroke,numeric__age,0.7427044175328024,0.7427044175328024
stroke,categorical__exercise_1.0,-0.5996222312521657,0.5996222312521657
stroke,categorical__sex_2.0,-0.5942042557275211,0.5942042557275211
stroke,categorical__employment_1.0,-0.5916585838563208,0.5916585838563208
stroke,categorical__drank_alcohol_1.0,-0.5724642216130948,0.5724642216130948
stroke,categorical__income_11.0,-0.5661585566678642,0.5661585566678642
stroke,categorical__employment_2.0,-0.5539529672223125,0.5539529672223125
stroke,categorical__smoking_status_4.0,-0.5324548759236281,0.5324548759236281
stroke,categorical__income_10.0,-0.5237958436558451,0.5237958436558451
stroke,categorical__drank_alcohol_2.0,-0.41922193212477377,0.41922193212477377
stroke,categorical__sex_1.0,-0.3974818980103582,0.3974818980103582
stroke,categorical__exercise_2.0,-0.39206392248565175,0.39206392248565175
stroke,categorical__education_2.0,-0.3854541202786945,0.3854541202786945
stroke,categorical__income_9.0,-0.3690585501259881,0.3690585501259881
stroke,categorical__employment_6.0,-0.3679511273326195,0.3679511273326195
stroke,categorical__employment_5.0,-0.3642138217436775,0.3642138217436775
stroke,categorical__income_2.0,0.3606670453490477,0.3606670453490477
stroke,categorical__smoking_status_3.0,-0.2979675676691021,0.2979675676691021
stroke,categorical__education_6.0,-0.2905785542937771,0.2905785542937771
stroke,categorical__education_1.0,-0.279428781059851,0.279428781059851
stroke,categorical__income_8.0,-0.2501725347512364,0.2501725347512364
stroke,categorical__income_1.0,0.24757459664915207,0.24757459664915207
stroke,categorical__employment_3.0,0.22380572998208542,0.22380572998208542
stroke,categorical__income_3.0,0.18108438830670265,0.18108438830670265
stroke,categorical__income_4.0,0.12316083609305044,0.12316083609305044
stroke,categorical__income_7.0,-0.11669505133556703,0.11669505133556703
stroke,categorical__employment_4.0,-0.11645245275227145,0.11645245275227145
stroke,categorical__income_6.0,-0.09052112338055272,0.09052112338055272
stroke,categorical__smoking_status_2.0,-0.08613895363259155,0.08613895363259155
stroke,categorical__smoking_status_1.0,-0.07512475651253005,0.07512475651253005
stroke,categorical__education_4.0,-0.0713568543371005,0.0713568543371005
stroke,numeric__bmi,0.059777130569847056,0.059777130569847056
stroke,categorical__employment_7.0,-0.0470743937980674,0.0470743937980674
stroke,categorical__education_5.0,0.019565837187949107,0.019565837187949107
stroke,categorical__education_3.0,0.015566319043606338,0.015566319043606338
stroke,numeric__missingindicator_bmi,-0.012510337816293734,0.012510337816293734
stroke,categorical__income_5.0,0.012228639781230153,0.012228639781230153
